Wall time,Step,Value
1509410830.5298893,6544,450921889792.0
1509420390.5603871,6788,2540036.25
1509430062.9737566,7032,6.053984628241066e+21
1509440197.4378598,7276,93794443722752.0
1509450382.0256164,7520,7799644.5
1509460627.7235053,7764,0.438129186630249
1509471016.2672372,8008,1.3661069869995117
1509481607.0126462,8252,0.3432895839214325
1509492399.755565,8496,57.437923431396484
1509503417.259733,8740,0.3594108819961548
