Wall time,Step,Value
1509410830.5298893,6544,450921922560.0
1509420390.5603871,6788,2540037.75
1509430062.9737566,7032,6.053985191191019e+21
1509440197.4378598,7276,93794460499968.0
1509450382.0256164,7520,7799651.0
1509460627.7235053,7764,0.5737460851669312
1509471016.2672372,8008,1.533954381942749
1509481607.0126462,8252,0.47554799914360046
1509492399.755565,8496,57.58943176269531
1509503417.259733,8740,0.49463897943496704
