Wall time,Step,Value
1509410830.5298893,6544,450921889792.0
1509420390.5603871,6788,2540033.5
1509430062.9737566,7032,6.053985754140973e+21
1509440197.4378598,7276,93794460499968.0
1509450382.0256164,7520,7799629.5
1509460627.7235053,7764,0.11514553427696228
1509471016.2672372,8008,0.9882873892784119
1509481607.0126462,8252,0.02158886380493641
1509492399.755565,8496,57.06852340698242
1509503417.259733,8740,0.04130486771464348
