Wall time,Step,Value
1509410830.5298893,6544,464.49517822265625
1509420390.5603871,6788,6.0491814613342285
1509430062.9737566,7032,60104.85546875
1509440197.4378598,7276,135.5778350830078
1509450382.0256164,7520,30.666025161743164
1509460627.7235053,7764,0.6459673047065735
1509471016.2672372,8008,0.7556388974189758
1509481607.0126462,8252,0.6434013843536377
1509492399.755565,8496,0.7389519214630127
1509503417.259733,8740,0.6362119913101196
