Wall time,Step,Value
1509410830.5298893,6544,294658.5625
1509420390.5603871,6788,103.45744323730469
1509430062.9737566,7032,4058154752.0
1509440197.4378598,7276,309908.375
1509450382.0256164,7520,223.51451110839844
1509460627.7235053,7764,0.5846250057220459
1509471016.2672372,8008,0.65409916639328
1509481607.0126462,8252,0.4284934401512146
1509492399.755565,8496,0.6402221322059631
1509503417.259733,8740,0.476265013217926
