Wall time,Step,Value
1509410830.5298893,6544,650.6864013671875
1509420390.5603871,6788,8.741868019104004
1509430062.9737566,7032,82578.25
1509440197.4378598,7276,196.588623046875
1509450382.0256164,7520,43.654422760009766
1509460627.7235053,7764,0.9172011017799377
1509471016.2672372,8008,1.0913339853286743
1509481607.0126462,8252,0.9079182744026184
1509492399.755565,8496,1.0418230295181274
1509503417.259733,8740,0.9066681861877441
