Wall time,Step,Value
1509410830.5298893,6544,294751.65625
1509420390.5603871,6788,104.80379486083984
1509430062.9737566,7032,4058165504.0
1509440197.4378598,7276,309938.8125
1509450382.0256164,7520,230.00872802734375
1509460627.7235053,7764,0.720241904258728
1509471016.2672372,8008,0.8219467401504517
1509481607.0126462,8252,0.5607518553733826
1509492399.755565,8496,0.7916576266288757
1509503417.259733,8740,0.6114931106567383
