Wall time,Step,Value
1509410830.5298893,6544,294426.3125
1509420390.5603871,6788,100.432861328125
1509430062.9737566,7032,4058124288.0
1509440197.4378598,7276,309840.5
1509450382.0256164,7520,208.18150329589844
1509460627.7235053,7764,0.26164135336875916
1509471016.2672372,8008,0.2762797176837921
1509481607.0126462,8252,0.10679271817207336
1509492399.755565,8496,0.2707462012767792
1509503417.259733,8740,0.1581590324640274
