Wall time,Step,Value
1515700036.2531219,4544,0.20111574232578278
1515708143.555619,4788,0.12157358229160309
1515716867.0170338,5032,0.0553777851164341
1515725794.4752414,5276,0.04078669100999832
1515734874.1094222,5520,0.03843994066119194
1515744234.7035322,5764,0.043526049703359604
1515753738.1017,6008,0.056520976126194
1515763499.3563902,6252,0.06315678358078003
1515773354.285723,6496,0.039481885731220245
1515784069.6200988,6740,0.0465051606297493
