Wall time,Step,Value
1515700036.2531219,4544,0.23962651193141937
1515708143.555619,4788,0.1600499302148819
1515716867.0170338,5032,0.09368325769901276
1515725794.4752414,5276,0.07877547293901443
1515734874.1094222,5520,0.07648314535617828
1515744234.7035322,5764,0.0817822515964508
1515753738.1017,6008,0.09457466006278992
1515763499.3563902,6252,0.10133546590805054
1515773354.285723,6496,0.07744510471820831
1515784069.6200988,6740,0.08454644680023193
