Wall time,Step,Value
1515700036.2531219,4544,1.0861607789993286
1515708143.555619,4788,1.0802252292633057
1515716867.0170338,5032,1.0751535892486572
1515725794.4752414,5276,1.070905327796936
1515734874.1094222,5520,1.0691756010055542
1515744234.7035322,5764,1.0682498216629028
1515753738.1017,6008,1.0669968128204346
1515763499.3563902,6252,1.0738940238952637
1515773354.285723,6496,1.066497564315796
1515784069.6200988,6740,1.067374587059021
