Wall time,Step,Value
1515816907.1556911,6944,0.053949423134326935
1515825397.1777406,7188,0.07576385885477066
1515834279.615234,7432,0.03880932554602623
1515843135.3257985,7676,0.03538079559803009
1515852160.7073698,7920,0.03488929569721222
1515861491.382886,8164,0.03322554752230644
1515871318.626608,8408,0.026631096377968788
1515881547.0355525,8652,0.03693663328886032
1515891608.009889,8896,0.03734753653407097
1515901811.0005503,9140,0.027461441233754158
