Wall time,Step,Value
1515816907.1556911,6944,0.01297510415315628
1515825397.1777406,7188,0.01781688816845417
1515834279.615234,7432,0.010420257225632668
1515843135.3257985,7676,0.010388849303126335
1515852160.7073698,7920,0.01036038063466549
1515861491.382886,8164,0.009660911746323109
1515871318.626608,8408,0.009185987524688244
1515881547.0355525,8652,0.010102735832333565
1515891608.009889,8896,0.010179918259382248
1515901811.0005503,9140,0.009124046191573143
