Wall time,Step,Value
1515816907.1556911,6944,0.016029117628932
1515825397.1777406,7188,0.020810076966881752
1515834279.615234,7432,0.013484383933246136
1515843135.3257985,7676,0.013404817320406437
1515852160.7073698,7920,0.013373549096286297
1515861491.382886,8164,0.012699016369879246
1515871318.626608,8408,0.012194587849080563
1515881547.0355525,8652,0.013122409582138062
1515891608.009889,8896,0.01313560176640749
1515901811.0005503,9140,0.012141307815909386
