Wall time,Step,Value
1515816907.1556911,6944,0.06452260166406631
1515825397.1777406,7188,0.08630672842264175
1515834279.615234,7432,0.04933282732963562
1515843135.3257985,7676,0.045875195413827896
1515852160.7073698,7920,0.045369118452072144
1515861491.382886,8164,0.04367909952998161
1515871318.626608,8408,0.0370439849793911
1515881547.0355525,8652,0.04733673855662346
1515891608.009889,8896,0.04769726097583771
1515901811.0005503,9140,0.03781502693891525
