Wall time,Step,Value
1515816907.1556911,6944,0.7519172430038452
1515825397.1777406,7188,0.7549680471420288
1515834279.615234,7432,0.745937168598175
1515843135.3257985,7676,0.7478430271148682
1515852160.7073698,7920,0.7466657161712646
1515861491.382886,8164,0.7415447235107422
1515871318.626608,8408,0.7404291033744812
1515881547.0355525,8652,0.7380431294441223
1515891608.009889,8896,0.7394054532051086
1515901811.0005503,9140,0.7336320877075195
