Wall time,Step,Value
1515816907.1556911,6944,1.0573184490203857
1515825397.1777406,7188,1.054287075996399
1515834279.615234,7432,1.0523496866226196
1515843135.3257985,7676,1.0494399070739746
1515852160.7073698,7920,1.0479824542999268
1515861491.382886,8164,1.0453554391860962
1515871318.626608,8408,1.04128897190094
1515881547.0355525,8652,1.0400104522705078
1515891608.009889,8896,1.0349736213684082
1515901811.0005503,9140,1.035358190536499
