Wall time,Step,Value
1515816907.1556911,6944,0.061468590050935745
1515825397.1777406,7188,0.08331353962421417
1515834279.615234,7432,0.04626870155334473
1515843135.3257985,7676,0.04285922273993492
1515852160.7073698,7920,0.04235595464706421
1515861491.382886,8164,0.040640994906425476
1515871318.626608,8408,0.034035392105579376
1515881547.0355525,8652,0.04431706666946411
1515891608.009889,8896,0.04474158212542534
1515901811.0005503,9140,0.03479776531457901
