Wall time,Step,Value
1515816907.1556911,6944,0.005455934442579746
1515825397.1777406,7188,0.010267206467688084
1515834279.615234,7432,0.002960886573418975
1515843135.3257985,7676,0.0029104193672537804
1515852160.7073698,7920,0.0028937251772731543
1515861491.382886,8164,0.0022454624995589256
1515871318.626608,8408,0.0017816987819969654
1515881547.0355525,8652,0.0027223052456974983
1515891608.009889,8896,0.0027858654502779245
1515901811.0005503,9140,0.0017877259524539113
