Wall time,Step,Value
1515372617.3037825,6944,0.047479454427957535
1515381375.3771005,7188,0.04744851589202881
1515390132.232809,7432,0.04214463010430336
1515398876.556318,7676,0.1611124724149704
1515407872.4131753,7920,0.0631852075457573
1515416966.616763,8164,0.0570254884660244
1515426017.39611,8408,0.07273998111486435
1515436745.1131365,8652,0.03732956200838089
1515448677.0855827,8896,0.04267068952322006
1515460469.9690921,9140,0.041740428656339645
