Wall time,Step,Value
1515372617.3037825,6944,1.0506407022476196
1515381375.3771005,7188,1.0463227033615112
1515390132.232809,7432,1.0423907041549683
1515398876.556318,7676,1.0497634410858154
1515407872.4131753,7920,1.042397141456604
1515416966.616763,8164,1.0370080471038818
1515426017.39611,8408,1.0407545566558838
1515436745.1131365,8652,1.0328011512756348
1515448677.0855827,8896,1.029228925704956
1515460469.9690921,9140,1.0293772220611572
