Wall time,Step,Value
1515372617.3037825,6944,0.027133390307426453
1515381375.3771005,7188,0.005481377709656954
1515390132.232809,7432,0.003443710273131728
1515398876.556318,7676,3.6559672355651855
1515407872.4131753,7920,0.187750443816185
1515416966.616763,8164,0.006616286002099514
1515426017.39611,8408,0.01783648133277893
1515436745.1131365,8652,0.002933612558990717
1515448677.0855827,8896,0.003606249578297138
1515460469.9690921,9140,0.004436940886080265
