Wall time,Step,Value
1515372617.3037825,6944,0.7465231418609619
1515381375.3771005,7188,0.7418331503868103
1515390132.232809,7432,0.7424906492233276
1515398876.556318,7676,0.7480086088180542
1515407872.4131753,7920,0.7414929866790771
1515416966.616763,8164,0.7393941879272461
1515426017.39611,8408,0.742470920085907
1515436745.1131365,8652,0.7375394701957703
1515448677.0855827,8896,0.7322738170623779
1515460469.9690921,9140,0.7335262298583984
