Wall time,Step,Value
1515372617.3037825,6944,0.132197305560112
1515381375.3771005,7188,0.11011366546154022
1515390132.232809,7432,0.10768276453018188
1515398876.556318,7676,3.760967493057251
1515407872.4131753,7920,0.291988730430603
1515416966.616763,8164,0.11031708121299744
1515426017.39611,8408,0.12191192060709
1515436745.1131365,8652,0.10621374100446701
1515448677.0855827,8896,0.1065291240811348
1515460469.9690921,9140,0.10737466812133789
