Wall time,Step,Value
1515372617.3037825,6944,0.1525435447692871
1515381375.3771005,7188,0.15208080410957336
1515390132.232809,7432,0.14638368785381317
1515398876.556318,7676,0.2660887539386749
1515407872.4131753,7920,0.16742506623268127
1515416966.616763,8164,0.16072629392147064
1515426017.39611,8408,0.17681542038917542
1515436745.1131365,8652,0.14060968160629272
1515448677.0855827,8896,0.1455935686826706
1515460469.9690921,9140,0.14467816054821014
