Wall time,Step,Value
1515372617.3037825,6944,0.10178614407777786
1515381375.3771005,7188,0.0796646773815155
1515390132.232809,7432,0.07769279181957245
1515398876.556318,7676,3.7306365966796875
1515407872.4131753,7920,0.2618993818759918
1515416966.616763,8164,0.08055571466684341
1515426017.39611,8408,0.09208353608846664
1515436745.1131365,8652,0.07668756693601608
1515448677.0855827,8896,0.07683363556861877
1515460469.9690921,9140,0.07778957486152649
