Wall time,Step,Value
1515372617.3037825,6944,0.12213176488876343
1515381375.3771005,7188,0.12163183838129044
1515390132.232809,7432,0.11639370769262314
1515398876.556318,7676,0.23591281473636627
1515407872.4131753,7920,0.13733457028865814
1515416966.616763,8164,0.13096490502357483
1515426017.39611,8408,0.14698708057403564
1515436745.1131365,8652,0.1110835000872612
1515448677.0855827,8896,0.11589807271957397
1515460469.9690921,9140,0.11509305983781815
