Wall time,Step,Value
1515817318.0861716,6944,0.04804075509309769
1515825843.1119096,7188,0.035935599356889725
1515834469.284421,7432,0.054314903914928436
1515843515.5280077,7676,0.05143873021006584
1515852627.755856,7920,0.0360351987183094
1515861915.3909178,8164,0.0411187969148159
1515871935.9342773,8408,0.041421979665756226
1515882178.719307,8652,0.03885634243488312
1515892324.4571645,8896,0.034915994852781296
1515902424.4492493,9140,0.04145689308643341
