Wall time,Step,Value
1515817318.0861716,6944,0.011989719234406948
1515825843.1119096,7188,0.010255218483507633
1515834469.284421,7432,0.01301146112382412
1515843515.5280077,7676,0.012131324037909508
1515852627.755856,7920,0.01014954037964344
1515861915.3909178,8164,0.01077156700193882
1515871935.9342773,8408,0.010719438083469868
1515882178.719307,8652,0.01035658922046423
1515892324.4571645,8896,0.010117080062627792
1515902424.4492493,9140,0.011302269995212555
