Wall time,Step,Value
1515817318.0861716,6944,0.05561108887195587
1515825843.1119096,7188,0.04345748946070671
1515834469.284421,7432,0.06183440238237381
1515843515.5280077,7676,0.05893738940358162
1515852627.755856,7920,0.04354248568415642
1515861915.3909178,8164,0.04863163083791733
1515871935.9342773,8408,0.04890715330839157
1515882178.719307,8652,0.04631245881319046
1515892324.4571645,8896,0.042376499623060226
1515902424.4492493,9140,0.048932693898677826
