Wall time,Step,Value
1515817318.0861716,6944,1.0625475645065308
1515825843.1119096,7188,1.0597773790359497
1515834469.284421,7432,1.057591199874878
1515843515.5280077,7676,1.0563595294952393
1515852627.755856,7920,1.0565569400787354
1515861915.3909178,8164,1.0528273582458496
1515871935.9342773,8408,1.0509976148605347
1515882178.719307,8652,1.0488903522491455
1515892324.4571645,8896,1.047005295753479
1515902424.4492493,9140,1.0472599267959595
