Wall time,Step,Value
1515817318.0861716,6944,0.7570335865020752
1515825843.1119096,7188,0.752189040184021
1515834469.284421,7432,0.7519499063491821
1515843515.5280077,7676,0.7498657703399658
1515852627.755856,7920,0.7507283091545105
1515861915.3909178,8164,0.7512837052345276
1515871935.9342773,8408,0.7485178709030151
1515882178.719307,8652,0.745611310005188
1515892324.4571645,8896,0.7460509538650513
1515902424.4492493,9140,0.7475802302360535
