Wall time,Step,Value
1515817318.0861716,6944,0.05866623669862747
1515825843.1119096,7188,0.04653336852788925
1515834469.284421,7432,0.06489080935716629
1515843515.5280077,7676,0.06200232356786728
1515852627.755856,7920,0.04660077765583992
1515861915.3909178,8164,0.05164707452058792
1515871935.9342773,8408,0.051931947469711304
1515882178.719307,8652,0.04934524744749069
1515892324.4571645,8896,0.045386046171188354
1515902424.4492493,9140,0.05192948877811432
