Wall time,Step,Value
1515817318.0861716,6944,0.004419384989887476
1515825843.1119096,7188,0.0027333295438438654
1515834469.284421,7432,0.005491961725056171
1515843515.5280077,7676,0.004632668104022741
1515852627.755856,7920,0.002642254577949643
1515861915.3909178,8164,0.0032587305177003145
1515871935.9342773,8408,0.003234260017052293
1515882178.719307,8652,0.0029004754032939672
1515892324.4571645,8896,0.0026565680745989084
1515902424.4492493,9140,0.0038264680188149214
