Wall time,Step,Value
1515817318.0861716,6944,0.015044862404465675
1515825843.1119096,7188,0.013331101275980473
1515834469.284421,7432,0.016067873686552048
1515843515.5280077,7676,0.015196260996162891
1515852627.755856,7920,0.013207824900746346
1515861915.3909178,8164,0.01378700416535139
1515871935.9342773,8408,0.01374423410743475
1515882178.719307,8652,0.013389378786087036
1515892324.4571645,8896,0.013126622885465622
1515902424.4492493,9140,0.014299065805971622
