Wall time,Step,Value
1508676163.623494,7744,0.6339039206504822
1508681813.538075,7988,0.629980206489563
1508687740.4658387,8232,0.6283515095710754
1508693912.57496,8476,0.6251994967460632
1508700622.9094691,8720,0.6270298957824707
1508707818.8660626,8964,0.6210182309150696
1508714990.8080869,9208,0.6327173709869385
1508722202.2861533,9452,0.6257520914077759
1508729819.3038206,9696,0.6286550164222717
1508737571.3593047,9940,0.620728075504303
1508745560.7213361,10184,0.6219263672828674
1508753615.598988,10428,0.6218322515487671
1508762042.6713836,10672,0.6156722903251648
1508770702.9334455,10916,0.6278759837150574
1508779661.7297084,11160,0.6142723560333252
1508788769.863962,11404,0.6274335980415344
1508798006.8253076,11648,0.6149365901947021
1508807470.5155258,11892,0.6248221397399902
1508816034.507037,12136,0.6132715940475464
1508825303.9038627,12380,0.6159275770187378
