Wall time,Step,Value
1508852718.5085237,7744,1.0307352542877197
1508859460.3091292,7988,1.026067852973938
1508867382.6337986,8232,1.0207899808883667
1508873601.0258396,8476,1.0157232284545898
1508879200.9568303,8720,0.9936425685882568
