Wall time,Step,Value
1508852718.5085237,7744,0.245844766497612
1508859460.3091292,7988,0.2417946606874466
1508867382.6337986,8232,0.24288418889045715
1508873601.0258396,8476,0.23284488916397095
1508879200.9568303,8720,0.2170882523059845
