Wall time,Step,Value
1508852718.5085237,7744,1.518652081489563
1508859460.3091292,7988,1.5129549503326416
1508867382.6337986,8232,1.5119264125823975
1508873601.0258396,8476,1.4980639219284058
1508879200.9568303,8720,1.474486231803894
