Wall time,Step,Value
1508852718.5085237,7744,0.42080917954444885
1508859460.3091292,7988,0.41648048162460327
1508867382.6337986,8232,0.417376309633255
1508873601.0258396,8476,0.4064408242702484
1508879200.9568303,8720,0.3879721760749817
