Wall time,Step,Value
1508852718.5085237,7744,0.7848905324935913
1508859460.3091292,7988,0.7842732071876526
1508867382.6337986,8232,0.7779057621955872
1508873601.0258396,8476,0.7828783392906189
1508879200.9568303,8720,0.7765543460845947
