Wall time,Step,Value
1508852718.5085237,7744,1.097842812538147
1508859460.3091292,7988,1.0964744091033936
1508867382.6337986,8232,1.0945501327514648
1508873601.0258396,8476,1.0916231870651245
1508879200.9568303,8720,1.0865141153335571
