Wall time,Step,Value
1508852718.5085237,7744,1.2056996822357178
1508859460.3091292,7988,1.2007536888122559
1508867382.6337986,8232,1.1952821016311646
1508873601.0258396,8476,1.1893192529678345
1508879200.9568303,8720,1.1645264625549316
