Wall time,Step,Value
1508852718.5085237,7744,1.343687653541565
1508859460.3091292,7988,1.3382691144943237
1508867382.6337986,8232,1.3374342918395996
1508873601.0258396,8476,1.3244680166244507
1508879200.9568303,8720,1.3036023378372192
