Wall time,Step,Value
1508851446.3501537,6400,1.1359118223190308
1508856419.2677987,6500,1.0963233709335327
1508863703.2882116,6600,1.0160765647888184
1508869586.436249,6700,1.0366566181182861
1508874744.7489722,6800,1.0715323686599731
1508878497.398181,6900,1.0694963932037354
1508882012.7466395,7000,1.0090245008468628
