Wall time,Step,Value
1508860335.9361815,6544,1.1247153892221256e+18
1508874272.5493376,6788,27216160768.0
1508884328.4439316,7032,62743.02734375
