Wall time,Step,Value
1508851446.3501537,6400,1.0121575593948364
1508856419.2677987,6500,0.9340746998786926
1508863703.2882116,6600,0.8956180214881897
1508869586.436249,6700,0.9174178838729858
1508874744.7489722,6800,0.9453767538070679
1508878497.398181,6900,0.9642998576164246
1508882012.7466395,7000,0.8919459581375122
