Wall time,Step,Value
1508860335.9361815,6544,1.1247153205026488e+18
1508874272.5493376,6788,27216195584.0
1508884328.4439316,7032,62789.59765625
