Wall time,Step,Value
1508860335.9361815,6544,inf
1508874272.5493376,6788,2.484769446149254e+22
1508884328.4439316,7032,1062905249792.0
