Wall time,Step,Value
1508851446.3501537,6400,0.041353318840265274
1508856419.2677987,6500,0.16655294597148895
1508863703.2882116,6600,0.08634907752275467
1508869586.436249,6700,0.03660707175731659
1508874744.7489722,6800,0.0463329516351223
1508878497.398181,6900,0.019533373415470123
1508882012.7466395,7000,0.027948813512921333
