Wall time,Step,Value
1508851446.3501537,6400,1.0535109043121338
1508856419.2677987,6500,1.1006276607513428
1508863703.2882116,6600,0.9819670915603638
1508869586.436249,6700,0.9540249705314636
1508874744.7489722,6800,0.9917097091674805
1508878497.398181,6900,0.9838332533836365
1508882012.7466395,7000,0.9198947548866272
