Wall time,Step,Value
1508851446.3501537,6400,0.7282886505126953
1508856419.2677987,6500,0.8017339706420898
1508863703.2882116,6600,0.7538741230964661
1508869586.436249,6700,0.6783497929573059
1508874744.7489722,6800,0.7295866012573242
1508878497.398181,6900,0.7460155487060547
1508882012.7466395,7000,0.680149257183075
