Wall time,Step,Value
1508851446.3501537,6400,0.686935305595398
1508856419.2677987,6500,0.6351810097694397
1508863703.2882116,6600,0.667525053024292
1508869586.436249,6700,0.6417427062988281
1508874744.7489722,6800,0.6832536458969116
1508878497.398181,6900,0.7264821529388428
1508882012.7466395,7000,0.65220046043396
