Wall time,Step,Value
1508860335.9361815,6544,756906880.0
1508874272.5493376,6788,84176.109375
1508884328.4439316,7032,115.47464752197266
