Wall time,Step,Value
1508860335.9361815,6544,1072153856.0
1508874272.5493376,6788,119605.921875
1508884328.4439316,7032,162.05519104003906
