Wall time,Step,Value
1508851446.3501537,6400,0.8106895685195923
1508856419.2677987,6500,0.7974296808242798
1508863703.2882116,6600,0.7879835367202759
1508869586.436249,6700,0.7609813809394836
1508874744.7489722,6800,0.8094092607498169
1508878497.398181,6900,0.8316786885261536
1508882012.7466395,7000,0.7692789435386658
