Wall time,Step,Value
1508851446.3501537,6400,0.12375428527593613
1508856419.2677987,6500,0.1622486561536789
1508863703.2882116,6600,0.12045848369598389
1508869586.436249,6700,0.11923868209123611
1508874744.7489722,6800,0.12615559995174408
1508878497.398181,6900,0.10519654303789139
1508882012.7466395,7000,0.11707849055528641
