Wall time,Step,Value
1508860335.9361815,6544,inf
1508874272.5493376,6788,2.484769896509217e+22
1508884328.4439316,7032,1062905053184.0
