Wall time,Step,Value
1515700036.2531219,4544,0.12883597612380981
1515708143.555619,4788,0.08796575665473938
1515716867.0170338,5032,0.059803858399391174
1515725794.4752414,5276,0.05722176656126976
1515734874.1094222,5520,0.05664822459220886
1515744234.7035322,5764,0.057324063032865524
1515753738.1017,6008,0.06026983633637428
1515763499.3563902,6252,0.06677966564893723
1515773354.285723,6496,0.056629352271556854
1515784069.6200988,6740,0.05737614631652832
