Wall time,Step,Value
1515700036.2531219,4544,0.7702152729034424
1515708143.555619,4788,0.7695268392562866
1515716867.0170338,5032,0.7661095857620239
1515725794.4752414,5276,0.7597755789756775
1515734874.1094222,5520,0.7608640789985657
1515744234.7035322,5764,0.7651244401931763
1515753738.1017,6008,0.761073887348175
1515763499.3563902,6252,0.7635738849639893
1515773354.285723,6496,0.7592644095420837
1515784069.6200988,6740,0.7608257532119751
