Wall time,Step,Value
1515700036.2531219,4544,0.11303868144750595
1515708143.555619,4788,0.07243083417415619
1515716867.0170338,5032,0.044351670891046524
1515725794.4752414,5276,0.04166528582572937
1515734874.1094222,5520,0.041232649236917496
1515744234.7035322,5764,0.0421677865087986
1515753738.1017,6008,0.044973697513341904
1515763499.3563902,6252,0.05126365274190903
1515773354.285723,6496,0.04126768559217453
1515784069.6200988,6740,0.042048707604408264
