Wall time,Step,Value
1515700036.2531219,4544,0.25542378425598145
1515708143.555619,4788,0.1755848526954651
1515716867.0170338,5032,0.1091354712843895
1515725794.4752414,5276,0.09433195739984512
1515734874.1094222,5520,0.09189873188734055
1515744234.7035322,5764,0.09693854302167892
1515753738.1017,6008,0.1098708063364029
1515763499.3563902,6252,0.11685147881507874
1515773354.285723,6496,0.09280677139759064
1515784069.6200988,6740,0.09987388551235199
