Wall time,Step,Value
1515700036.2531219,4544,0.07452791929244995
1515708143.555619,4788,0.03395449370145798
1515716867.0170338,5032,0.006046183407306671
1515725794.4752414,5276,0.00367650855332613
1515734874.1094222,5520,0.0031894436106085777
1515744234.7035322,5764,0.0039115650579333305
1515753738.1017,6008,0.006919989828020334
1515763499.3563902,6252,0.013084950856864452
1515773354.285723,6496,0.003304465673863888
1515784069.6200988,6740,0.004007415380328894
