Wall time,Step,Value
1515280669.2520652,4544,0.7616817355155945
1515289246.5254319,4788,0.7647707462310791
1515297908.8596659,5032,0.7732078433036804
1515306914.7690418,5276,0.7649151682853699
1515315810.8369405,5520,0.7563883066177368
1515324395.771423,5764,0.7627503871917725
1515334915.0344965,6008,0.7631374001502991
1515344442.7904956,6252,0.7510482668876648
1515353895.26265,6496,0.7503802180290222
1515363453.6180587,6740,0.7447030544281006
