Wall time,Step,Value
1515280669.2520652,4544,1.0758979320526123
1515289246.5254319,4788,1.0700037479400635
1515297908.8596659,5032,1.0853872299194336
1515306914.7690418,5276,1.0737555027008057
1515315810.8369405,5520,1.0613359212875366
1515324395.771423,5764,1.077001929283142
1515334915.0344965,6008,1.0714647769927979
1515344442.7904956,6252,1.0516623258590698
1515353895.26265,6496,1.0556156635284424
1515363453.6180587,6740,1.0500656366348267
