Wall time,Step,Value
1515280669.2520652,4544,0.39807918667793274
1515289246.5254319,4788,0.1649826467037201
1515297908.8596659,5032,0.3058311641216278
1515306914.7690418,5276,0.22030256688594818
1515315810.8369405,5520,0.17545831203460693
1515324395.771423,5764,0.2219110131263733
1515334915.0344965,6008,0.1878633201122284
1515344442.7904956,6252,0.15275128185749054
1515353895.26265,6496,0.17467135190963745
1515363453.6180587,6740,0.1473631113767624
