Wall time,Step,Value
1515280669.2520652,4544,0.3666576147079468
1515289246.5254319,4788,0.13445933163166046
1515297908.8596659,5032,0.2746131420135498
1515306914.7690418,5276,0.18941864371299744
1515315810.8369405,5520,0.1449635922908783
1515324395.771423,5764,0.19048596918582916
1515334915.0344965,6008,0.1570305973291397
1515344442.7904956,6252,0.1226898729801178
1515353895.26265,6496,0.1441478133201599
1515363453.6180587,6740,0.1168268471956253
