Wall time,Step,Value
1515280669.2520652,4544,0.29048940539360046
1515289246.5254319,4788,0.05798225477337837
1515297908.8596659,5032,0.19729237258434296
1515306914.7690418,5276,0.11292710155248642
1515315810.8369405,5520,0.06932475417852402
1515324395.771423,5764,0.11421068757772446
1515334915.0344965,6008,0.0807168260216713
1515344442.7904956,6252,0.04758503660559654
1515353895.26265,6496,0.06910979002714157
1515363453.6180587,6740,0.042356543242931366
