Wall time,Step,Value
1515280669.2520652,4544,0.16039316356182098
1515289246.5254319,4788,0.006606659851968288
1515297908.8596659,5032,0.07043802738189697
1515306914.7690418,5276,0.028345143422484398
1515315810.8369405,5520,0.010133006609976292
1515324395.771423,5764,0.25953537225723267
1515334915.0344965,6008,0.026025796309113503
1515344442.7904956,6252,0.00448418827727437
1515353895.26265,6496,0.009413803927600384
1515363453.6180587,6740,0.0036314488388597965
