Wall time,Step,Value
1515280669.2520652,4544,0.23656132817268372
1515289246.5254319,4788,0.08308372646570206
1515297908.8596659,5032,0.1477588415145874
1515306914.7690418,5276,0.10483667999505997
1515315810.8369405,5520,0.08577185124158859
1515324395.771423,5764,0.3358114957809448
1515334915.0344965,6008,0.10233952105045319
1515344442.7904956,6252,0.07958900928497314
1515353895.26265,6496,0.0844518393278122
1515363453.6180587,6740,0.0781017541885376
