Wall time,Step,Value
1515280669.2520652,4544,0.26798292994499207
1515289246.5254319,4788,0.1136070191860199
1515297908.8596659,5032,0.17897672951221466
1515306914.7690418,5276,0.13572067022323608
1515315810.8369405,5520,0.11626659333705902
1515324395.771423,5764,0.36723631620407104
1515334915.0344965,6008,0.13317225873470306
1515344442.7904956,6252,0.10965042561292648
1515353895.26265,6496,0.11497537046670914
1515363453.6180587,6740,0.10863802582025528
