Wall time,Step,Value
1508685995.1979191,6544,1.2802746295928955
1508697593.6628509,6788,1.1692578792572021
1508709784.2733817,7032,1.0831718444824219
1508722006.6137857,7276,1.3720805644989014
1508734366.6389174,7520,1.0551944971084595
1508747049.754006,7764,1.0284185409545898
1508759651.4376779,8008,0.9947336316108704
1508772663.4674006,8252,0.9772374033927917
1508785973.9071476,8496,0.966581404209137
1508799395.079813,8740,0.9821283221244812
