Wall time,Step,Value
1508685995.1979191,6544,1.0332731008529663
1508697593.6628509,6788,0.9751652479171753
1508709784.2733817,7032,0.9537584185600281
1508722006.6137857,7276,0.9732348918914795
1508734366.6389174,7520,0.9088742733001709
1508747049.754006,7764,0.9104020595550537
1508759651.4376779,8008,0.9037646055221558
1508772663.4674006,8252,0.8956155776977539
1508785973.9071476,8496,0.8949795961380005
1508799395.079813,8740,0.90023273229599
