Wall time,Step,Value
1508685995.1979191,6544,0.24700143933296204
1508697593.6628509,6788,0.19409257173538208
1508709784.2733817,7032,0.12941338121891022
1508722006.6137857,7276,0.3988456130027771
1508734366.6389174,7520,0.14632023870944977
1508747049.754006,7764,0.11801651120185852
1508759651.4376779,8008,0.09096896648406982
1508772663.4674006,8252,0.08162181824445724
1508785973.9071476,8496,0.07160183787345886
1508799395.079813,8740,0.0818956047296524
