Wall time,Step,Value
1508685995.1979191,6544,0.831213116645813
1508697593.6628509,6788,0.7458701133728027
1508709784.2733817,7032,0.7043498158454895
1508722006.6137857,7276,1.2182871103286743
1508734366.6389174,7520,0.679109513759613
1508747049.754006,7764,0.665320634841919
1508759651.4376779,8008,0.7338640689849854
1508772663.4674006,8252,0.6402271389961243
1508785973.9071476,8496,0.6767027974128723
1508799395.079813,8740,0.643703818321228
