Wall time,Step,Value
1508685995.1979191,6544,0.09409092366695404
1508697593.6628509,6788,0.057662781327962875
1508709784.2733817,7032,0.030554598197340965
1508722006.6137857,7276,0.534260094165802
1508734366.6389174,7520,0.03970428928732872
1508747049.754006,7764,0.026609336957335472
1508759651.4376779,8008,0.10501442104578018
1508772663.4674006,8252,0.013796296902000904
1508785973.9071476,8496,0.052345652133226395
1508799395.079813,8740,0.01646782085299492
