Wall time,Step,Value
1508685995.1979191,6544,1.1273640394210815
1508697593.6628509,6788,1.0328280925750732
1508709784.2733817,7032,0.9843130111694336
1508722006.6137857,7276,1.5074949264526367
1508734366.6389174,7520,0.9485785961151123
1508747049.754006,7764,0.9370114207267761
1508759651.4376779,8008,1.0087790489196777
1508772663.4674006,8252,0.9094118475914001
1508785973.9071476,8496,0.9473252296447754
1508799395.079813,8740,0.916700541973114
