Wall time,Step,Value
1508685995.1979191,6544,0.7371222376823425
1508697593.6628509,6788,0.6882073283195496
1508709784.2733817,7032,0.6737951636314392
1508722006.6137857,7276,0.6840270757675171
1508734366.6389174,7520,0.6394052505493164
1508747049.754006,7764,0.6387112736701965
1508759651.4376779,8008,0.6288496255874634
1508772663.4674006,8252,0.626430869102478
1508785973.9071476,8496,0.6243571639060974
1508799395.079813,8740,0.627236008644104
