Wall time,Step,Value
1508685995.1979191,6544,0.9841235876083374
1508697593.6628509,6788,0.8822998404502869
1508709784.2733817,7032,0.8032085299491882
1508722006.6137857,7276,1.082872748374939
1508734366.6389174,7520,0.785725474357605
1508747049.754006,7764,0.7567278146743774
1508759651.4376779,8008,0.7198185920715332
1508772663.4674006,8252,0.7080526947975159
1508785973.9071476,8496,0.6959590315818787
1508799395.079813,8740,0.7091315984725952
