Wall time,Step,Value
1515715241.2769778,4544,0.024527516216039658
1515723752.956779,4788,0.022363804280757904
1515732654.476136,5032,0.008651231415569782
1515741460.9638019,5276,0.004595726728439331
1515750706.8639274,5520,0.004546201787889004
1515760067.2230275,5764,0.0036466477904468775
1515769530.1680272,6008,0.006938171572983265
1515779453.217294,6252,0.004311512224376202
1515789876.2291462,6496,0.004197398666292429
1515799864.1122084,6740,0.002298876876011491
