Wall time,Step,Value
1515715241.2769778,4544,0.1231236383318901
1515723752.956779,4788,0.11470913141965866
1515732654.476136,5032,0.07530511915683746
1515741460.9638019,5276,0.05852994695305824
1515750706.8639274,5520,0.05710219964385033
1515760067.2230275,5764,0.052775219082832336
1515769530.1680272,6008,0.07172965258359909
1515779453.217294,6252,0.05907014384865761
1515789876.2291462,6496,0.05734608694911003
1515799864.1122084,6740,0.04250307008624077
