Wall time,Step,Value
1515715241.2769778,4544,1.0814497470855713
1515723752.956779,4788,1.0777331590652466
1515732654.476136,5032,1.0723910331726074
1515741460.9638019,5276,1.070352554321289
1515750706.8639274,5520,1.0672012567520142
1515760067.2230275,5764,1.0648807287216187
1515769530.1680272,6008,1.0653202533721924
1515779453.217294,6252,1.059149146080017
1515789876.2291462,6496,1.058156967163086
1515799864.1122084,6740,1.0576812028884888
