Wall time,Step,Value
1515715241.2769778,4544,0.03223800286650658
1515723752.956779,4788,0.03003431111574173
1515732654.476136,5032,0.016336852684617043
1515741460.9638019,5276,0.012217970564961433
1515750706.8639274,5520,0.012159219942986965
1515760067.2230275,5764,0.011235141195356846
1515769530.1680272,6008,0.014491639100015163
1515779453.217294,6252,0.011838908307254314
1515789876.2291462,6496,0.011709129437804222
1515799864.1122084,6740,0.009880563244223595
