Wall time,Step,Value
1515715241.2769778,4544,0.7710491418838501
1515723752.956779,4788,0.7670497894287109
1515732654.476136,5032,0.7685620784759521
1515741460.9638019,5276,0.7622244358062744
1515750706.8639274,5520,0.7613018155097961
1515760067.2230275,5764,0.7588494420051575
1515769530.1680272,6008,0.7553470134735107
1515779453.217294,6252,0.7527396082878113
1515789876.2291462,6496,0.7511730790138245
1515799864.1122084,6740,0.7581686973571777
