Wall time,Step,Value
1515715241.2769778,4544,0.12001962959766388
1515723752.956779,4788,0.111602284014225
1515732654.476136,5032,0.0722668319940567
1515741460.9638019,5276,0.055448658764362335
1515750706.8639274,5520,0.054043207317590714
1515760067.2230275,5764,0.04971490427851677
1515769530.1680272,6008,0.0686299130320549
1515779453.217294,6252,0.0560060515999794
1515789876.2291462,6496,0.054276254028081894
1515799864.1122084,6740,0.03950793668627739
