Wall time,Step,Value
1515715241.2769778,4544,0.11230913549661636
1515723752.956779,4788,0.10393177717924118
1515732654.476136,5032,0.06458120793104172
1515741460.9638019,5276,0.04782642424106598
1515750706.8639274,5520,0.04643020033836365
1515760067.2230275,5764,0.04212640970945358
1515769530.1680272,6008,0.061076439917087555
1515779453.217294,6252,0.04847865551710129
1515789876.2291462,6496,0.046764519065618515
1515799864.1122084,6740,0.031926244497299194
