Wall time,Step,Value
1515715241.2769778,4544,0.0353420116007328
1515723752.956779,4788,0.03314113989472389
1515732654.476136,5032,0.019375141710042953
1515741460.9638019,5276,0.015299251303076744
1515750706.8639274,5520,0.015218213200569153
1515760067.2230275,5764,0.014295453205704689
1515769530.1680272,6008,0.01759137026965618
1515779453.217294,6252,0.014903001487255096
1515789876.2291462,6496,0.014778969809412956
1515799864.1122084,6740,0.012875691056251526
