Wall time,Step,Value
1514947164.7439165,4544,0.7641362547874451
1514955699.0938964,4788,0.7613503932952881
1514963919.0736713,5032,0.7585955858230591
1514972162.4526477,5276,0.7549600601196289
1514980710.1936529,5520,0.7544599175453186
1514989519.7702515,5764,0.7542550563812256
1514998403.610703,6008,0.7519119381904602
1515007396.6827748,6252,0.7450514435768127
1515016607.6365829,6496,0.7380713820457458
1515026035.3914895,6740,0.7425885200500488
