Wall time,Step,Value
1514947164.7439165,4544,1.0707032680511475
1514955699.0938964,4788,1.0705243349075317
1514963919.0736713,5032,1.0631773471832275
1514972162.4526477,5276,1.0599853992462158
1514980710.1936529,5520,1.053452968597412
1514989519.7702515,5764,1.0511292219161987
1514998403.610703,6008,1.0502427816390991
1515007396.6827748,6252,1.0449178218841553
1515016607.6365829,6496,1.0421112775802612
1515026035.3914895,6740,1.0374906063079834
