Wall time,Step,Value
1514947164.7439165,4544,0.32585322856903076
1514955699.0938964,4788,0.2712792456150055
1514963919.0736713,5032,0.18080256879329681
1514972162.4526477,5276,0.15469080209732056
1514980710.1936529,5520,0.15611262619495392
1514989519.7702515,5764,0.14849518239498138
1514998403.610703,6008,0.16119274497032166
1515007396.6827748,6252,0.1398780345916748
1515016607.6365829,6496,0.16878639161586761
1515026035.3914895,6740,0.1731380671262741
