Wall time,Step,Value
1514947164.7439165,4544,0.20462657511234283
1514955699.0938964,4788,0.1758968085050583
1514963919.0736713,5032,0.1194572001695633
1514972162.4526477,5276,0.11082394421100616
1514980710.1936529,5520,0.11128462851047516
1514989519.7702515,5764,0.10909485071897507
1514998403.610703,6008,0.1118234172463417
1515007396.6827748,6252,0.10734677314758301
1515016607.6365829,6496,0.1124330461025238
1515026035.3914895,6740,0.11302778869867325
