Wall time,Step,Value
1514947164.7439165,4544,0.17396986484527588
1514955699.0938964,4788,0.14497940242290497
1514963919.0736713,5032,0.08899902552366257
1514972162.4526477,5276,0.08032143115997314
1514980710.1936529,5520,0.08138536661863327
1514989519.7702515,5764,0.07940742373466492
1514998403.610703,6008,0.0819903239607811
1515007396.6827748,6252,0.07736014574766159
1515016607.6365829,6496,0.0820290669798851
1515026035.3914895,6740,0.08353760093450546
