Wall time,Step,Value
1514947164.7439165,4544,0.295196533203125
1514955699.0938964,4788,0.24036186933517456
1514963919.0736713,5032,0.15034440159797668
1514972162.4526477,5276,0.12418828904628754
1514980710.1936529,5520,0.12621334195137024
1514989519.7702515,5764,0.11880779266357422
1514998403.610703,6008,0.13135965168476105
1515007396.6827748,6252,0.10989142209291458
1515016607.6365829,6496,0.13838239014148712
1515026035.3914895,6740,0.14364786446094513
