Wall time,Step,Value
1514947164.7439165,4544,0.09755624085664749
1514955699.0938964,4788,0.06884436309337616
1514963919.0736713,5032,0.013139468617737293
1514972162.4526477,5276,0.00482542859390378
1514980710.1936529,5520,0.005939353723078966
1514989519.7702515,5764,0.0039819274097681046
1514998403.610703,6008,0.006799143273383379
1515007396.6827748,6252,0.002855001948773861
1515016607.6365829,6496,0.008221925236284733
1515026035.3914895,6740,0.009278738871216774
